{
	"bedroom left": {
		"x" : 0.327053427696,
		"y" : -3.08311080933,
		"theta" : 0.00299739837646
	},
	"bedroom right": {
		"x" : 0.327053427696,
		"y" : -3.08311080933,
		"theta" : 0.00299739837646
	},
    "bedroom": {
		"x" : 0.327053427696,
		"y" : -3.08311080933,
		"theta" : 0.00299739837646
	},
	"hallway": {
		"x" : 0.327053427696,
		"y" : -3.08311080933,
		"theta" : 0.00299739837646
	},
	"kitchen left": {
		"x" : 0.327053427696,
		"y" : -3.08311080933,
		"theta" : 0.00299739837646
	},
	"kitchen right": {
		"x" : 0.327053427696,
		"y" : -3.08311080933,
		"theta" : 0.00299739837646
	},
	"kitchen": {
		"x" : 0.327053427696,
		"y" : -3.08311080933,
		"theta" : 0.00299739837646
	},
	"dining room": {
		"x" : 0.327053427696,
		"y" : -3.08311080933,
		"theta" : 0.00299739837646
	},
	"side table": {
		"x" : 0.327053427696,
		"y" : -3.08311080933,
		"theta" : 0.00299739837646
	},
	"living room": {
		"x" : 0.327053427696,
		"y" : -3.08311080933,
		"theta" : 0.00299739837646
	},
	"living room Center": {
		"x" : 0.327053427696,
		"y" : -3.08311080933,
		"theta" : 0.00299739837646
	},
	"dining room corner": {
		"x" : 0.327053427696,
		"y" : -3.08311080933,
		"theta" : 0.00299739837646
	},
	"test": {
		"x" : 0.327053427696,
		"y" : -3.08311080933,
		"theta" : 0.00299739837646
    },
    "entrance": {
		"x" : 0.327053427696,
		"y" : -3.08311080933,
		"theta" : 0.00299739837646
    },
    "outside bedroom": {
		"x" : 0.327053427696,
		"y" : -3.08311080933,
		"theta" : 0.00299739837646
    }
}
