{
    "kitchen counter": {
        "x" : -7.39357233047,
        "y" : -4.87748193741,
        "theta" : 0.994213646485
    },
    "kitchen table": {
        "x" : -7.01091480255,
        "y" : -3.34832215309,
        "theta" : -0.573572428661
    },
    "coffee table": {
        "x" : -8.05221271515,
        "y" : -0.0559642314911,
        "theta" : 0.722420144395
    },
    "bedroom table": {
        "x" : -3.4096133709,
        "y" : 1.75469112396,
        "theta" : 0.00538720062325
    },
    
    "1": {
        "x" : -8.14143657684,
        "y" : 0.0105181932449,
        "theta" : 0.742876780499
    },
    "1.5": {
        "x" : -5.69729804993,
        "y" : -0.656407237053,
        "theta" : 0.0977263570326
    },
    "2": {
        "x" : -4.13583660126,
        "y" : 1.81783747673,
        "theta" : 0.756447609048
    },
    "3": {
        "x" : -5.44550037384,
        "y" : -5.4976067543,
        "theta" : 0.994081793293
    },
    "4.5": {
        "x" : -0.568386971951,
        "y" : -4.6172451973,
        "theta" : 0.99375171575
    },
    "5": {
        "x" : -5.44550037384,
        "y" : -5.4976067543,
        "theta" : 0.994081793293
    }
}
