{
	"bedroom left": {
	    "x" : 4.91761259937,
		"y" : 1.73381249747,
		"theta" : 0.609440312526
	},
	"bedroom right": {
		"x" : 2.42209990898,
		"y" : 2.35791596096,
		"theta" : 0.741271629402
	},
    "bedroom": {
	    "x" : 3.42062733952,
		"y" : 3.34940856765,
		"theta" : 0.709605976109
	},
	"hallway": {
		"x" : 1.40389603055,
		"y" : 2.29948329926,
		"theta" : 0.00160980224609
	},
	"kitchen left": {
	    "x" : -0.0137298926382,
		"y" : 1.9966444032,
		"theta" : -0.438645423795
	},
	"kitchen right": {
		"x" : -1.89774653527,
		"y" : 2.39795881452,
		"theta" : 0.787546659305
	},
	"kitchen table": {
		"x" : 0.256724763854,
		"y" : 3.81678785029,
		"theta" : -0.139091923073
	},
	"dinig room": {
		"x" : 0.452967336125,
		"y" : 5.1460484921,
		"theta" : 0.398796314409
	},
	"side table": {
	    "x" : 0.593968523042,
		"y" : 7.02218673212,
		"theta" : 0.771525301128
	},
	"living room": {
		"x" : 2.03938338706,
		"y" : 7.34146850025,
		"theta" : 0.953529519852
	},
	"living room center": {
		"x" : 2.72925415911,
		"y" : 7.5119763476,
		"theta" : 0.999991436322
	},
	"dining room corner": {
		"x" : -1.46370820754,
		"y" : 7.66276426546,
		"theta" : 0.886006656439
	}
}
