{
	"kitchen": {
	    "x" : -1.07307910919,
		"y" : 1.99905586243,
		"theta" : 0.00247669219971
	},
	"bedroom": {
		"x" : 3.57119750977,
		"y" : 3.55213999748,
		"theta" : -0.000967979431152
	}
}
