{
    "kitchen counter": {
        "x" : -7.39357233047,
        "y" : -4.87748193741,
        "theta" : -0.107420785432
    },
    "kitchen table": {
        "x" : -7.01091480255,
        "y" : -3.34832215309,
        "theta" : 0.819154850489
    },
    "coffee table": {
        "x" : -8.05221271515,
        "y" : -0.0559642314911,
        "theta" : 0.691454362176
    },
    "bedroom table": {
        "x" : -3.4096133709,
        "y" : 1.75469112396,
        "theta" : 0.999985488929
    },
    
    "1": {
        "x" : -8.14143657684,
        "y" : 0.0105181932449,
        "theta" : 0.66942818061
    },
    "1.5": {
        "x" : -5.69729804993,
        "y" : -0.656407237053,
        "theta" : 0.995213323434
    },
    "2": {
        "x" : -4.13583660126,
        "y" : 1.81783747673,
        "theta" : 0.654054290381
    },
    "3": {
        "x" : -5.44550037384,
        "y" : -5.4976067543,
        "theta" : -0.10863419463
    },
    "4.5": {
        "x" : -0.568386971951,
        "y" : -4.6172451973,
        "theta" : -0.111613294209
    }
}
