{
	"kitchen": {
	    "x" : -2.24334907532,
		"y" : 1.32208681107,
		"theta" : 0.0015287399292
	},
	"bedroom": {
		"x" : 0.538331031799,
		"y" : -1.19152975082,
		"theta" : -0.00114631652832
	}
}
