{
    "entrance": {
        "x": 3.44882750511,
        "y": 0.101039409637,
        "theta": 0.000189304351807
    },
    "hallway": {
        "x": 0.671351909637,
        "y": 0.293536186218,
        "theta": 0.000454425811768
    },
    "bathroom": {
        "x": -0.989966392517,
        "y": -0.216197013855,
        "theta": -0.000973701477051
    },
    "kitchen counter": {
        "x": 1.49666166306,
        "y": 2.03101325035,
        "theta": 0.00181531906128
    },
    "kitchen table": {
        "x": 2.53003311157,
        "y": 2.58738183975,
        "theta": 0.00574064254761
    },
    "dining table": {
        "x": 3.15477705002,
        "y": 2.41954994202,
        "theta": 0.00205087661743
    },
    "coffee table": {
        "x": 3.55910539627,
        "y": 1.60043120384,
        "theta": 0.00203323364258
    },
    "bedroom table": {
        "x": 4.03134441376,
        "y": 1.0283703804,
        "theta": 0.0022759437561
    },
    "bedside table": {
        "x": 4.03134441376,
        "y": 1.0283703804,
        "theta": 0.0022759437561
    },
    "home": {
        "x": 2.37750005722,
        "y": -0.832985401154,
        "theta": -0.000101566314697
    },
    "granny annie sofa": {
        "x": 3.81100082397,
        "y": 0.284404754639,
        "theta": -0.000211715698242
    },
    "granny annie bedroom": {
        "x": -0.670296669006,
        "y": 0.902701377869,
        "theta": 0.00101470947266
    },
    
    "outside bedroom": {
        "x" : 1.37422084808,
        "y" : 1.574634552,
        "theta" : -2.2064235373
    },
    "0.5": {
        "x" : 3.11922097206,
        "y" : 1.99577689171,
        "theta" : -1.0108860023
    },
    "0.6": {
        "x" : 1.03008890152,
        "y" : 1.37682652473,
        "theta" : -2.36757773398
    },
    "1": {
        "x" : 2.74582314491,
        "y" : 0.0649828910828,
        "theta" : -0.965991528565
    },
    "1.5": {
        "x" : 1.81482028961,
        "y" : -0.117300510406,
        "theta" : 2.72448173753
    },
    "2": {
        "x" : -0.130914211273,
        "y" : 0.196598529816,
        "theta" : -2.55855889743
    },
    "3": {
        "x" : 2.768253088,
        "y" : 2.91486692429,
        "theta" : -1.00679050771
    },
    "4.5": {
        "x" : 1.04211235046,
        "y" : 0.360707759857,
        "theta" : 2.10537727398
    },
    "5": {
        "x" : 2.768253088,
        "y" : 2.91486692429,
        "theta" : -1.00679050771
    }
}
