{
    "entrance": {
        "x" : 3.52106165886,
        "y" : -4.62127590179,
        "theta" : 1.53582181745
    },
    "hallway": {
        "x" : 3.36300325394,
        "y" : -6.35934352875,
        "theta" : 1.5085410752
    },
    "bathroom": {
        "x" : 2.94128537178,
        "y" : -7.04360485077,
        "theta" : 2.40844169071
    },
    "kitchen counter": {
        "x" : 2.88056516647,
        "y" : -9.02014255524,
        "theta" : -1.60337668111
    },
    "kitchen table": {
        "x" : 0.474121540785,
        "y" : -7.88188648224,
        "theta" : 0.00556208157771
    },
    "dining table": {
        "x" : 0.280935376883,
        "y" : -7.20056962967,
        "theta" : -2.25983931486
    },
    "coffee table": {
        "x" : -2.63292646408,
        "y" : -7.58760976791,
        "theta" : 3.10089833971
    },
    "bedroom table": {
        "x" : -3.13926339149,
        "y" : -3.47455334663,
        "theta" : 1.48945324208
    },
    "home": {
        "x" : 3.17903017998,
        "y" : -7.31425189972,
        "theta" : -2.67020744349
    },
    "granny annie sofa": {
        "x" : -2.41880106926,
        "y" : -6.81653499603,
        "theta" : 2.47810032371
    },
    "granny annie bedroom": {
        "x" : -0.327296614647,
        "y" : -3.65691208839,
        "theta" : 2.65961809738
    },
    "1": {
        "x" : -3.64184761047,
        "y" : -8.48240280151,
        "theta" : 1.484018319
    },
    "1.5": {
        "x" : -1.71839118004,
        "y" : -6.46650600433,
        "theta" : 1.46879221
    },
    "2": {
        "x" : -3.418582201,
        "y" : -3.69154500961,
        "theta" : 0.720305149
    },
    "3": {
        "x" : 3.34503173828,
        "y" : -7.65536212921,
        "theta" : 1.488207582
    },
    "4.5": {
        "x" : 3.53488492966,
        "y" : -2.2763607502,
        "theta" : 0.062827737
    },
    "5": {
        "x" : 3.34503173828,
        "y" : -7.65536212921,
        "theta" : 1.488207582
    }
}
