{
	"bedroom left": {
	    "x" : -0.251316547394,
		"y" : -2.71526193619,
		"theta" : 0.000616073608398
	},
	"bedroom right": {
		"x" : -1.08128452301,
		"y" : -2.83712029457,
		"theta" : 0.000110626220703
	},
    "bedroom": {
	    "x" : -0.167286157608,
		"y" : -3.00112557411,
		"theta" : -0.00119495391846
	},
	"hallway": {
		"x" : -0.638062238693,
		"y" : -2.52152919769,
		"theta" : 0.00378608703613
	},
	"kitchen left": {
	    "x" : -1.33184123039,
		"y" : -3.57053565979,
		"theta" : 0.00226783752441
	},
	"kitchen right": {
		"x" : -0.790573835373,
		"y" : -3.21255993843,
		"theta" : 0.00312232971191
	},
	"kitchen": {
		"x" : 0.327053427696,
		"y" : -3.08311080933,
		"theta" : 0.00299739837646
	},
	"dining room": {
		"x" : -1.59435486794,
		"y" : -2.77077388763,
		"theta" : -0.0023078918457
	},
	"side table": {
	    "x" : -0.111075401306,
		"y" : -2.32737541199,
		"theta" : 0.00439834594727
	},
	"living room": {
		"x" : -1.47096300125,
		"y" : -3.88676691055,
		"theta" : 0.00192832946777
	},
	"living room Center": {
		"x" : -0.9525192976,
		"y" : -3.95787000656,
		"theta" : 0.00198364257812
	},
	"dining room corner": {
		"x" : -1.62932419777,
		"y" : -3.70278835297,
		"theta" : 0.00702476501465
	},
	"test": {
	    "x": -0.866141855717,
        "y": -3.3275706768,
        "theta": 0.00493621826172
    },
    "entrance": {
        "x": -1.34163093567,
        "y": -4.03060626984,
        "theta": 0.00461959838867
    },
    "outside bedroom": {
        "x": -1.63217628002,
        "y": -3.93965625763,
        "theta": 0.00407123565674
    }
}
