{
	"kitchen": {
	    "x" : -1.07307910919,
		"y" : 1.99905586243,
		"theta" : 0.00247669219971
	},
	"bedroom": {
		"x" : 3.57119750977,
		"y" : 3.55213999748,
		"theta" : -0.000967979431152
	},
    "living room": {
	    "x" : 1.7586209774,
		"y" : 7.56880760193,
		"theta" : 0.00370502471924
	},
	"kitchen corner": {
		"x" : -1.60726058483,
		"y" : 2.29948329926,
		"theta" : 0.00160980224609
	},
	"bedroom corner": {
	    "x" : 4.95093774796,
		"y" : 1.80073261261,
		"theta" : -9.91821289062e-05
	},
	"hallway": {
		"x" : 1.28398799896,
		"y" : 2.41359710693,
		"theta" : 0.00425624847412
	},
	"dining room": {
		"x" : -0.139067292213,
		"y" : 7.74917173386,
		"theta" : 0.00400066375732
	}
}
