{
    "entrance": {
        "x" : 3.52106165886,
        "y" : -4.62127590179,
        "theta" : 1.53582181745
    },
    "hallway": {
        "x" : 3.36300325394,
        "y" : -6.35934352875,
        "theta" : 1.5085410752
    },
    "hall": {
        "x" : 3.36300325394,
        "y" : -6.35934352875,
        "theta" : 1.5085410752
    },
    "bathroom": {
        "x" : 2.94128537178,
        "y" : -7.04360485077,
        "theta" : 2.40844169071
    },
    "kitchen counter": {
        "x" : 2.88056516647,
        "y" : -9.02014255524,
        "theta" : -1.60337668111
    },
    "kitchen table": {
        "x" : 0.474121540785,
        "y" : -7.88188648224,
        "theta" : 0.00556208157771
    },
    "kitchen": {
        "x" : 0.608147323132,
        "y" : -8.48710441589,
        "theta" : -0.780649307418
    },
    "dining table": {
        "x" : 0.280935376883,
        "y" : -7.20056962967,
        "theta" : -2.25983931486
    },
    "dining room": {
        "x" : -1.23273158073,
        "y" : -7.01694297791,
        "theta" : -1.36816642699
    },
    "living room": {
        "x" : -2.69699573517,
        "y" : -8.43155479431,
        "theta" : 2.35531632218
    },
    "coffee table": {
        "x" : -2.63292646408,
        "y" : -7.58760976791,
        "theta" : 3.10089833971
    },
    "sofa": {
        "x" : -2.5211482048,
        "y" : -7.00981330872,
        "theta" : 2.38795370314
    },
    "bedroom table": {
        "x" : -3.13926339149,
        "y" : -3.47455334663,
        "theta" : 1.48945324208
    },
    "bedroom": {
        "x" : -1.93158495426,
        "y" : -5.01183891296,
        "theta" : 1.91731844342
    },
    "closet": {
        "x" : -3.36706876755,
        "y" : -4.3394651413,
        "theta" : -2.22348346582
    },
    "home": {
        "x" : 3.17903017998,
        "y" : -7.31425189972,
        "theta" : -2.67020744349
    },
    "granny annie sofa": {
        "x" : -2.41880106926,
        "y" : -6.81653499603,
        "theta" : 2.47810032371
    },
    "granny annie bedroom": {
        "x" : -0.327296614647,
        "y" : -3.65691208839,
        "theta" : 2.65961809738
    },
    "tv": {
        "x" : -3.22133111954,
        "y" : -8.51987838745,
        "theta" : -2.28126743658
    },
    "plant": {
        "x" : -4.43247032166,
        "y" : -8.19809341431,
        "theta" : -2.13733199622
    },
    "outside bedroom": {
        "x" : -0.569073438644,
        "y" : -6.32280445099,
        "theta" : 2.76768878396
    },
    "chest": {
        "x" : -3.43736791611,
        "y" : -3.89959955215,
        "theta" : 2.40970420404
    },
    "rug": {
        "x" : -0.923611879349,
        "y" : -5.11092853546,
        "theta" : 1.26327184107
    },
    "test": {
        "x" : 3.48550200462,
        "y" : -2.42013120651,
        "theta" : -1.62452831644
    },
    "1": {
        "x" : -3.64184761047,
        "y" : -8.48240280151,
        "theta" : 1.484018319
    },
    "1.5": {
        "x" : -1.71839118004,
        "y" : -6.46650600433,
        "theta" : 1.46879221
    },
    "2": {
        "x" : -3.418582201,
        "y" : -3.69154500961,
        "theta" : 0.720305149
    },
    "3": {
        "x" : 3.34503173828,
        "y" : -7.65536212921,
        "theta" : 1.488207582
    },
    "4.5": {
        "x" : 3.53488492966,
        "y" : -2.2763607502,
        "theta" : 0.062827737
    },
    "5": {
        "x" : 3.34503173828,
        "y" : -7.65536212921,
        "theta" : 1.488207582
    }
}
