{
    "entrance": {
        "x" : -0.388541698456,
        "y" : -0.633354663849,
        "theta" : -1.61027127368
    },
    "hallway": {
        "x" : 0.0875477790833,
        "y" : -0.914221286774,
        "theta" : -0.248851542536
    },
    "bathroom": {
        "x" : -0.0734748840332,
        "y" : -0.28674697876,
        "theta" : 0.222703626401
    },
    "kitchen counter": {
        "x" : 1.19682168961,
        "y" : -1.17799329758,
        "theta" : -1.50880056581
    },
    "kitchen table": {
        "x" : 0.652325153351,
        "y" : -0.0467596054077,
        "theta" : 1.31588846309
    },
    "dining table": {
        "x" : 0.613707542419,
        "y" : -0.409039497375,
        "theta" : 0.0143914293599
    },
    "coffee table": {
        "x" : -0.24484205246,
        "y" : -0.190831661224,
        "theta" : 2.58070838927
    },
    "bedroom table": {
        "x" : 0.125411987305,
        "y" : -0.40910577774,
        "theta" : 0.295803538167
    },
    "home": {
        "x" : 0.426353931427,
        "y" : -0.554463863373,
        "theta" : -0.662054175475
    },
    "granny annie sofa": {
        "x" : 0.308894634247,
        "y" : -0.0309996604919,
        "theta" : -0.073057540864
    },
    "granny annie bedroom": {
        "x" : 0.125411987305,
        "y" : -0.40910577774,
        "theta" : 0.295803538167
    },
    
    "outside bedroom": {
        "x" : 1.37422084808,
        "y" : 1.574634552,
        "theta" : -2.2064235373
    },
    
    "1": {
        "x": 3.44882750511,
        "y": 0.101039409637,
        "theta": 0.000189304351807
    },
    "1.5": {
        "x": 0.671351909637,
        "y": 0.293536186218,
        "theta": 0.000454425811768
    },
    "2": {
        "x": -0.989966392517,
        "y": -0.216197013855,
        "theta": -0.000973701477051
    },
    "3": {
        "x": 1.49666166306,
        "y": 2.03101325035,
        "theta": 0.00181531906128
    },
    "4.5": {
        "x": 2.53003311157,
        "y": 2.58738183975,
        "theta": 0.00574064254761
    },
    "5": {
        "x": 3.15477705002,
        "y": 2.41954994202,
        "theta": 0.00205087661743
    }
}
