{
    "entrance": {
        "x": 3.44882750511,
        "y": 0.101039409637,
        "theta": 0.000189304351807
    },
    "hallway": {
        "x": 0.671351909637,
        "y": 0.293536186218,
        "theta": 0.000454425811768
    },
    "bathroom": {
        "x": -0.989966392517,
        "y": -0.216197013855,
        "theta": -0.000973701477051
    },
    "kitchen counter": {
        "x": 1.49666166306,
        "y": 2.03101325035,
        "theta": 0.00181531906128
    },
    "kitchen table": {
        "x": 2.53003311157,
        "y": 2.58738183975,
        "theta": 0.00574064254761
    },
    "dining table": {
        "x": 3.15477705002,
        "y": 2.41954994202,
        "theta": 0.00205087661743
    },
    "coffee table": {
        "x": 3.55910539627,
        "y": 1.60043120384,
        "theta": 0.00203323364258
    },
    "bedroom table": {
        "x": 4.03134441376,
        "y": 1.0283703804,
        "theta": 0.0022759437561
    },
    "home": {
        "x": 2.37750005722,
        "y": -0.832985401154,
        "theta": -0.000101566314697
    },
    "granny annie sofa": {
        "x": 3.81100082397,
        "y": 0.284404754639,
        "theta": -0.000211715698242
    },
    "granny annie bedroom": {
        "x": -0.670296669006,
        "y": 0.902701377869,
        "theta": 0.00101470947266
    },
    
    "outside bedroom": {
        "x" : 1.37422084808,
        "y" : 1.574634552,
        "theta" : -2.2064235373
    },
    
    "1": {
        "x": 3.44882750511,
        "y": 0.101039409637,
        "theta": 0.000189304351807
    },
    "1.5": {
        "x": 0.671351909637,
        "y": 0.293536186218,
        "theta": 0.000454425811768
    },
    "2": {
        "x": -0.989966392517,
        "y": -0.216197013855,
        "theta": -0.000973701477051
    },
    "3": {
        "x": 1.49666166306,
        "y": 2.03101325035,
        "theta": 0.00181531906128
    },
    "4.5": {
        "x": 2.53003311157,
        "y": 2.58738183975,
        "theta": 0.00574064254761
    },
    "5": {
        "x": 3.15477705002,
        "y": 2.41954994202,
        "theta": 0.00205087661743
    }
}
