{
    "kitchen counter": {
        "x" : 1.83319866657,
        "y" : -8.77737236023,
        "theta" : 0.070586556
    },
    "kitchen table": {
        "x" : 0.412260234356,
        "y" : -7.77406072617,
        "theta" : 0.744118282
    },
    "coffee table": {
        "x" : -2.86969137192,
        "y" : -7.39741611481,
        "theta" : 1.784827961
    },
    "bedroom table": {
        "x" : -3.17975902557,
        "y" : -3.67886543274,
        "theta" : 1.431221703
    },
    "home": {
        "x" : -0.73251914978,
        "y" : -6.9141459465,
        "theta" : 1.776369602
    },
    "granny annie sofa":
    {
        "x" : -2.34082365036,
        "y" : -7.20651531219,
        "theta" : 1.712219369
    },
    "granny annie bedroom":
    {
        "x" : -0.493560373783,
        "y" : -3.79606962204,
        "theta" : 1.780772783
    },
    
    
    "1": {
        "x" : -3.64184761047,
        "y" : -8.48240280151,
        "theta" : 1.484018319
    },
    "1.5": {
        "x" : -1.71839118004,
        "y" : -6.46650600433,
        "theta" : 1.46879221
    },
    "2": {
        "x" : -3.418582201,
        "y" : -3.69154500961,
        "theta" : 0.720305149
    },
    "3": {
        "x" : 3.34503173828,
        "y" : -7.65536212921,
        "theta" : 1.488207582
    },
    "4.5": {
        "x" : 3.53488492966,
        "y" : -2.2763607502,
        "theta" : 0.062827737
    },
    "5": {
        "x" : 3.34503173828,
        "y" : -7.65536212921,
        "theta" : 1.488207582
    }
}
